RUID,preferred_hall_ids,preferred_residence_type,is_single_preferred,is_private_bathroom_preferred,laundry_availibility,preferred_price_range,max_price
836243423,['BA' 'JA'],Apartment,1,1,1,9000-10500,11500
579676658,['BA' 'JA'],Apartment,1,1,0,9000-10500,11500
226137110,['BA' 'JA'],Apartment,1,1,1,9000-10500,11500
722000808,['BA' 'JA'],Apartment,1,1,1,9000-10500,11500
751713813,['BA' 'JA'],Apartment,1,1,1,9000-10500,11500
646935970,['BA' 'JA'],Apartment,1,1,1,9000-10500,11500
908561697,['BA' 'JA'],Apartment,1,1,1,9000-10500,11500
421977562,['JA' 'BA'],Apartment,1,1,1,9000-10500,11500
309451139,['BA' 'JA'],Apartment,1,1,1,9000-10500,11500
724677776,['BA' 'JA'],Apartment,1,1,0,9000-10500,11500
216477346,['BA' 'JA'],Apartment,1,1,1,9000-10500,11500
435584870,['JA' 'BA'],Apartment,1,1,1,9000-10500,11500
756889279,['BA' 'JA'],Apartment,1,1,1,10500-12000,13000
533746763,['BA' 'JA'],Apartment,1,1,1,9000-10500,11500
387294714,['BA' 'JA'],Apartment,1,1,1,9000-10500,11500
206085693,['BA' 'JA'],Apartment,1,1,1,9000-10500,11500
778271980,['BA' 'JA'],Apartment,1,1,1,10500-12000,13000
471616755,['JA' 'BA'],Apartment,1,1,1,10500-12000,13000
883053469,['JA' 'BA'],Apartment,1,1,1,9000-10500,11500
160758333,['BA' 'JA'],Apartment,1,1,1,9000-10500,11500
234982394,['BA' 'JA'],Apartment,1,1,1,10500-12000,13000
736260713,['BA' 'JA'],Apartment,1,1,1,9000-10500,11500
873048542,['BA' 'JA'],Apartment,1,1,1,9000-10500,11500
650188802,['BA' 'JA'],Apartment,1,1,1,9000-10500,11500
785475907,['JA' 'BA'],Apartment,1,0,1,10500-12000,13000
304859572,['BA' 'JA'],Apartment,1,1,1,9000-10500,11500
227920661,['BA' 'JA'],Apartment,1,1,1,10500-12000,13000
444622806,['BA' 'JA'],Apartment,1,1,1,9000-10500,11500
530272104,['JA' 'BA'],Apartment,1,1,1,9000-10500,11500
492767682,['JA' 'BA'],Apartment,1,1,1,10500-12000,13000
654497243,['BA' 'JA'],Apartment,1,1,1,9000-10500,11500
254304570,['JA' 'BA'],Apartment,1,1,0,9000-10500,11500
493105491,['JA' 'BA'],Apartment,1,1,1,9000-10500,11500
715064475,['BA' 'JA'],Apartment,1,1,1,9000-10500,11500
954573565,['JA' 'BA'],Apartment,1,1,1,9000-10500,11500
144806594,['BA' 'JA'],Apartment,1,1,1,10500-12000,13000
668531791,['BA' 'JA'],Apartment,1,1,1,9000-10500,11500
900932332,['JA' 'BA'],Apartment,1,1,1,9000-10500,11500
148367674,['JA' 'BA'],Apartment,1,1,1,10500-12000,13000
906376606,['BA' 'JA'],Apartment,1,1,1,10500-12000,13000
652502586,['BA' 'JA'],Apartment,1,1,1,9000-10500,11500
540436017,['JA' 'BA'],Apartment,1,1,0,9000-10500,11500
265647131,['JA' 'BA'],Apartment,1,1,1,9000-10500,11500
846985527,['BA' 'JA'],Apartment,1,1,1,9000-10500,11500
116973214,['JA' 'BA'],Apartment,1,1,1,9000-10500,11500
897516121,['BA' 'JA'],Apartment,1,1,1,9000-10500,11500
918415969,['BA' 'JA'],Apartment,1,1,1,10500-12000,13000
133306899,['BA' 'JA'],Apartment,1,0,1,10500-12000,13000
796568038,['BA' 'JA'],Apartment,1,1,1,9000-10500,11500
870910812,['BA' 'JA'],Apartment,1,1,1,9000-10500,11500
480565354,['BA' 'JA'],Apartment,1,1,1,10500-12000,13000
445979501,['BA' 'JA'],Apartment,1,1,1,10500-12000,13000
240503018,['JA' 'BA'],Apartment,1,1,1,9000-10500,11500
284914439,['BA' 'JA'],Apartment,1,1,1,10500-12000,13000
735223808,['JA' 'BA'],Apartment,1,1,1,9000-10500,11500
756012527,['JA' 'BA'],Apartment,1,1,1,9000-10500,11500
939087583,['JA' 'BA'],Apartment,1,1,1,10500-12000,13000
664957397,['BA' 'JA'],Apartment,1,1,1,10500-12000,13000
947135310,['JA' 'BA'],Apartment,1,1,1,10500-12000,13000
236509084,['JA' 'BA'],Apartment,1,1,1,9000-10500,11500
106601952,['BA' 'JA'],Apartment,1,1,1,10500-12000,13000
974755214,['JA' 'BA'],Apartment,1,1,1,9000-10500,11500
876507234,['BA' 'JA'],Apartment,1,1,1,9000-10500,11500
707617707,['BA' 'JA'],Apartment,1,1,1,10500-12000,13000
564738559,['JA' 'BA'],Apartment,1,0,1,9000-10500,11500
103218143,['BA' 'JA'],Apartment,1,1,1,9000-10500,11500
673697701,['BA' 'JA'],Apartment,1,1,1,9000-10500,11500
285862084,['JA' 'BA'],Apartment,1,1,1,9000-10500,11500
922358329,['JA' 'BA'],Apartment,1,1,1,9000-10500,11500
474352959,['BA' 'JA'],Apartment,1,1,1,10500-12000,13000
869836875,['BA' 'JA'],Apartment,1,0,1,10500-12000,13000
920528378,['JA' 'BA'],Apartment,1,1,1,9000-10500,11500
938619390,['BA' 'JA'],Apartment,1,1,1,10500-12000,13000
631904835,['BA' 'JA'],Apartment,1,1,1,9000-10500,11500
970115449,['BA' 'JA'],Apartment,1,1,1,9000-10500,11500
839472189,['JA' 'BA'],Apartment,1,1,1,10500-12000,13000
631971381,['BA' 'JA'],Apartment,1,1,1,10500-12000,13000
120258667,['JA' 'BA'],Apartment,1,1,1,10500-12000,13000
732750157,['JA' 'BA'],Apartment,1,1,1,10500-12000,13000
890521559,['JA' 'BA'],Apartment,1,1,1,9000-10500,11500
187579928,['BA' 'JA'],Apartment,1,1,1,10500-12000,13000
466828401,['BA' 'JA'],Apartment,1,1,1,9000-10500,11500
517247041,['BA' 'JA'],Apartment,1,1,1,10500-12000,13000
259710294,['BA' 'JA'],Apartment,1,1,1,9000-10500,11500
228838422,['BA' 'JA'],Apartment,1,0,1,9000-10500,11500
607747505,['BA' 'JA'],Apartment,1,1,1,9000-10500,11500
795482596,['BA' 'JA'],Apartment,1,1,1,10500-12000,13000
719296543,['BA' 'JA'],Apartment,1,1,1,9000-10500,11500
566498807,['JA' 'BA'],Apartment,1,1,1,10500-12000,13000
957885663,['BA' 'JA'],Apartment,1,0,1,10500-12000,13000
846583876,['BA' 'JA'],Apartment,1,1,1,9000-10500,11500
738133678,['JA' 'BA'],Apartment,1,1,1,9000-10500,11500
852359663,['BA' 'JA'],Apartment,1,1,1,9000-10500,11500
876054341,['BA' 'JA'],Apartment,1,1,1,10500-12000,13000
873492183,['BA' 'JA'],Apartment,1,1,1,9000-10500,11500
698782528,['BA' 'JA'],Apartment,1,1,1,10500-12000,13000
842067997,['BA' 'JA'],Apartment,1,0,1,10500-12000,13000
985459370,['JA' 'BA'],Apartment,1,1,1,9000-10500,11500
497803669,['BA' 'JA'],Apartment,1,1,1,9000-10500,11500
979254121,['BA' 'JA'],Apartment,1,1,1,10500-12000,13000
206428496,['BA' 'JA'],Apartment,1,1,1,10500-12000,13000
786436991,['JA' 'BA'],Apartment,1,1,1,9000-10500,11500
122410755,['BA' 'JA'],Apartment,1,1,1,9000-10500,11500
774869347,['BA' 'JA'],Apartment,1,0,1,10500-12000,13000
824202999,['BA' 'JA'],Apartment,1,1,1,9000-10500,11500
342572521,['JA' 'BA'],Apartment,1,1,1,10500-12000,13000
543521474,['BA' 'JA'],Apartment,1,1,1,10500-12000,13000
196333549,['BA' 'JA'],Apartment,1,1,1,9000-10500,11500
668817682,['BA' 'JA'],Apartment,1,1,1,10500-12000,13000
424814190,['BA' 'JA'],Apartment,1,1,1,9000-10500,11500
526322143,['BA' 'JA'],Apartment,1,1,1,9000-10500,11500
533542033,['JA' 'BA'],Apartment,1,1,1,9000-10500,11500
181972145,['BA' 'JA'],Apartment,1,1,1,10500-12000,13000
106103230,['BA' 'JA'],Apartment,1,1,1,9000-10500,11500
712701549,['BA' 'JA'],Apartment,1,1,1,9000-10500,11500
832687168,['BA' 'JA'],Apartment,1,1,1,10500-12000,13000
729546076,['BA' 'JA'],Apartment,1,1,0,10500-12000,13000
268079956,['BA' 'JA'],Apartment,1,0,1,9000-10500,11500
796933005,['JA' 'BA'],Apartment,1,1,1,10500-12000,13000
294977567,['BA' 'JA'],Apartment,1,1,1,9000-10500,11500
161272609,['BA' 'JA'],Apartment,1,0,1,10500-12000,13000
885248232,['JA' 'BA'],Apartment,1,1,1,9000-10500,11500
734321237,['JA' 'BA'],Apartment,1,1,1,9000-10500,11500
617451505,['BA' 'JA'],Apartment,1,0,1,10500-12000,13000
805567951,['BA' 'JA'],Apartment,1,1,1,9000-10500,11500
389571050,['BA' 'JA'],Apartment,1,1,1,10500-12000,13000
517774762,['BA' 'JA'],Apartment,1,1,1,9000-10500,11500
321450520,['JA' 'BA'],Apartment,1,1,1,9000-10500,11500
990359525,['JA' 'BA'],Apartment,1,1,1,9000-10500,11500
580814321,['JA' 'BA'],Apartment,1,1,1,10500-12000,13000
538174212,['BA' 'JA'],Apartment,1,1,1,10500-12000,13000
935180311,['BA' 'JA'],Apartment,1,1,1,10500-12000,13000
334900492,['BA' 'JA'],Apartment,1,1,1,10500-12000,13000
623439982,['BA' 'JA'],Apartment,1,1,1,9000-10500,11500
770349011,['BA' 'JA'],Apartment,1,1,1,9000-10500,11500
276441353,['BA' 'JA'],Apartment,1,1,1,10500-12000,13000
576023343,['BA' 'JA'],Apartment,1,1,1,10500-12000,13000
645103511,['BA' 'JA'],Apartment,1,1,1,10500-12000,13000
726290500,['BA' 'JA'],Apartment,1,1,1,10500-12000,13000
662000911,['BA' 'JA'],Apartment,1,1,1,10500-12000,13000
752365295,['BA' 'JA'],Apartment,1,1,1,9000-10500,11500
731482897,['JA' 'BA'],Apartment,1,1,1,9000-10500,11500
498111896,['JA' 'BA'],Apartment,1,1,1,9000-10500,11500
453585903,['BA' 'JA'],Apartment,1,0,1,10500-12000,13000
665142788,['BA' 'JA'],Apartment,1,1,1,10500-12000,13000
731004257,['BA' 'JA'],Apartment,1,1,1,9000-10500,11500
280908893,['BA' 'JA'],Apartment,1,1,1,9000-10500,11500
108847488,['BA' 'JA'],Apartment,1,1,1,10500-12000,13000
584783331,['JA' 'BA'],Apartment,1,1,1,9000-10500,11500
787455482,['BA' 'JA'],Apartment,1,1,1,9000-10500,11500
156242249,['BA' 'JA'],Apartment,1,1,1,9000-10500,11500
284915866,['BA' 'JA'],Apartment,1,1,1,9000-10500,11500
243553815,['BA' 'JA'],Apartment,1,1,1,9000-10500,11500
784043511,['BA' 'JA'],Apartment,1,0,1,10500-12000,13000
461798285,['BA' 'JA'],Apartment,1,1,1,9000-10500,11500
642688793,['BA' 'JA'],Apartment,1,1,1,9000-10500,11500
874730559,['BA' 'JA'],Apartment,1,1,1,9000-10500,11500
912960677,['BA' 'JA'],Apartment,1,1,1,10500-12000,13000
434614052,['BA' 'JA'],Apartment,1,1,1,9000-10500,11500
278427157,['JA' 'BA'],Apartment,1,1,1,10500-12000,13000
628830084,['JA' 'BA'],Apartment,1,1,1,9000-10500,11500
266978214,['BA' 'JA'],Apartment,1,1,1,9000-10500,11500
515384390,['BA' 'JA'],Apartment,1,1,1,9000-10500,11500
870053430,['BA' 'JA'],Apartment,1,1,0,9000-10500,11500
499593316,['BA' 'JA'],Apartment,1,1,1,9000-10500,11500
225736889,['BA' 'JA'],Apartment,1,1,1,9000-10500,11500
490494202,['BA' 'JA'],Apartment,1,1,1,10500-12000,13000
916901910,['JA' 'BA'],Apartment,1,0,1,9000-10500,11500
769112205,['BA' 'JA'],Apartment,1,1,0,10500-12000,13000
488658395,['JA' 'BA'],Apartment,1,1,1,10500-12000,13000
359017783,['BA' 'JA'],Apartment,1,1,1,9000-10500,11500
406114021,['JA' 'BA'],Apartment,1,1,1,10500-12000,13000
211165024,['BA' 'JA'],Apartment,1,1,1,9000-10500,11500
171309239,['BA' 'JA'],Apartment,1,1,1,10500-12000,13000
533872367,['JA' 'BA'],Apartment,1,1,1,10500-12000,13000
353862666,['BA' 'JA'],Apartment,1,1,1,9000-10500,11500
539369979,['JA' 'BA'],Apartment,1,1,1,10500-12000,13000
647266770,['BA' 'JA'],Apartment,1,1,1,9000-10500,11500
900968162,['BA' 'JA'],Apartment,1,1,1,9000-10500,11500
107939015,['BA' 'JA'],Apartment,1,1,1,10500-12000,13000
809291126,['BA' 'JA'],Apartment,1,1,1,9000-10500,11500
868813397,['JA' 'BA'],Apartment,1,1,1,9000-10500,11500
822143715,['JA' 'BA'],Apartment,1,1,1,9000-10500,11500
388901115,['BA' 'JA'],Apartment,1,1,1,10500-12000,13000
966171711,['JA' 'BA'],Apartment,1,1,1,9000-10500,11500
359980419,['BA' 'JA'],Apartment,1,1,1,10500-12000,13000
583890929,['JA' 'BA'],Apartment,1,1,0,9000-10500,11500
325468987,['BA' 'JA'],Apartment,1,1,1,9000-10500,11500
168351822,['JA' 'BA'],Apartment,1,1,1,9000-10500,11500
553836494,['BA' 'JA'],Apartment,1,1,1,9000-10500,11500
477050269,['BA' 'JA'],Apartment,1,1,0,9000-10500,11500
735676559,['BA' 'JA'],Apartment,1,0,1,10500-12000,13000
395225718,['BA' 'JA'],Apartment,1,1,1,9000-10500,11500
220815256,['BA' 'JA'],Apartment,1,1,1,9000-10500,11500
736365825,['BA' 'JA'],Apartment,1,1,1,10500-12000,13000
518842892,['BA' 'JA'],Apartment,1,1,1,9000-10500,11500
808127824,['BA' 'JA'],Apartment,1,1,1,10500-12000,13000
906357062,['BA' 'JA'],Apartment,1,1,1,9000-10500,11500
126730832,['BA' 'JA'],Apartment,1,1,1,10500-12000,13000
323669162,['BA' 'JA'],Apartment,1,1,1,10500-12000,13000
774841141,['BA' 'JA'],Apartment,1,1,0,10500-12000,13000
618595859,['JA' 'BA'],Apartment,1,1,1,10500-12000,13000
533628340,['BA' 'JA'],Apartment,1,1,1,9000-10500,11500
308135290,['BA' 'JA'],Apartment,1,1,1,10500-12000,13000
310857175,['JA' 'BA'],Apartment,1,1,1,9000-10500,11500
703843072,['JA' 'BA'],Apartment,1,0,1,10500-12000,13000
917915418,['BA' 'JA'],Apartment,1,0,1,9000-10500,11500
114110080,['JA' 'BA'],Apartment,1,1,1,9000-10500,11500
779758440,['JA' 'BA'],Apartment,1,0,1,10500-12000,13000
654838787,['JA' 'BA'],Apartment,1,1,1,9000-10500,11500
555673138,['BA' 'JA'],Apartment,1,0,1,10500-12000,13000
590470643,['BA' 'JA'],Apartment,1,1,1,9000-10500,11500
826576761,['BA' 'JA'],Apartment,1,1,1,10500-12000,13000
356748818,['BA' 'JA'],Apartment,1,1,1,10500-12000,13000
277441971,['BA' 'JA'],Apartment,1,1,1,9000-10500,11500
949487543,['BA' 'JA'],Apartment,1,1,1,9000-10500,11500
501849067,['JA' 'BA'],Apartment,1,0,1,9000-10500,11500
713907407,['JA' 'BA'],Apartment,1,1,1,10500-12000,13000
826357751,['BA' 'JA'],Apartment,1,1,1,9000-10500,11500
906128115,['JA' 'BA'],Apartment,1,1,1,10500-12000,13000
898570509,['BA' 'JA'],Apartment,1,1,1,10500-12000,13000
452387633,['BA' 'JA'],Apartment,1,1,1,10500-12000,13000
911830027,['BA' 'JA'],Apartment,1,1,1,9000-10500,11500
825087571,['BA' 'JA'],Apartment,1,1,1,10500-12000,13000
565692718,['JA' 'BA'],Apartment,1,1,1,10500-12000,13000
943977590,['BA' 'JA'],Apartment,1,0,1,10500-12000,13000
694836776,['JA' 'BA'],Apartment,1,1,1,10500-12000,13000
444512479,['JA' 'BA'],Apartment,1,0,1,10500-12000,13000
599537905,['BA' 'JA'],Apartment,1,1,1,10500-12000,13000
870268600,['JA' 'BA'],Apartment,1,1,1,10500-12000,13000
187067110,['BA' 'JA'],Apartment,1,1,1,9000-10500,11500
921219547,['BA' 'JA'],Apartment,1,1,1,9000-10500,11500
874622707,['BA' 'JA'],Apartment,1,1,1,10500-12000,13000
914136965,['BA' 'JA'],Apartment,1,1,1,9000-10500,11500
195319408,['BA' 'JA'],Apartment,1,1,1,9000-10500,11500
937541281,['BA' 'JA'],Apartment,1,1,1,10500-12000,13000
697644784,['JA' 'BA'],Apartment,1,1,1,9000-10500,11500
631871578,['BA' 'JA'],Apartment,1,1,1,9000-10500,11500
118506512,['BA' 'JA'],Apartment,1,1,1,9000-10500,11500
748784456,['BA' 'JA'],Apartment,1,1,1,10500-12000,13000
777013717,['BA' 'JA'],Apartment,1,1,1,10500-12000,13000
462141937,['BA' 'JA'],Apartment,1,1,1,10500-12000,13000
751596246,['BA' 'JA'],Apartment,1,1,1,9000-10500,11500
896177176,['JA' 'BA'],Apartment,1,1,1,9000-10500,11500
367035756,['JA' 'BA'],Apartment,1,1,1,10500-12000,13000
962331946,['BA' 'JA'],Apartment,1,1,1,10500-12000,13000
306288915,['BA' 'JA'],Apartment,1,1,1,9000-10500,11500
359773385,['JA' 'BA'],Apartment,1,1,1,10500-12000,13000
213639273,['BA' 'JA'],Apartment,1,1,1,10500-12000,13000
877617987,['BA' 'JA'],Apartment,1,1,1,10500-12000,13000
350377708,['JA' 'BA'],Apartment,1,0,1,10500-12000,13000
128736513,['BA' 'JA'],Apartment,1,1,1,9000-10500,11500
650508965,['BA' 'JA'],Apartment,1,1,1,9000-10500,11500
300040685,['BA' 'JA'],Apartment,1,1,1,10500-12000,13000
876152294,['BA' 'JA'],Apartment,1,1,1,9000-10500,11500
386876700,['BA' 'JA'],Apartment,1,0,1,9000-10500,11500
883914977,['JA' 'BA'],Apartment,1,1,1,9000-10500,11500
208065723,['BA' 'JA'],Apartment,1,1,1,9000-10500,11500
674977561,['BA' 'JA'],Apartment,1,1,1,9000-10500,11500
830818369,['JA' 'BA'],Apartment,1,0,1,9000-10500,11500
214172824,['BA' 'JA'],Apartment,1,0,1,10500-12000,13000
681847327,['BA' 'JA'],Apartment,1,1,1,10500-12000,13000
654528392,['BA' 'JA'],Apartment,1,1,1,9000-10500,11500
787696128,['JA' 'BA'],Apartment,1,1,1,10500-12000,13000
175748512,['BA' 'JA'],Apartment,1,1,1,9000-10500,11500
787084934,['BA' 'JA'],Apartment,1,1,1,9000-10500,11500
834427692,['BA' 'JA'],Apartment,1,1,1,9000-10500,11500
845821858,['BA' 'JA'],Apartment,1,1,1,10500-12000,13000
412762626,['BA' 'JA'],Apartment,1,1,1,9000-10500,11500
826943879,['BA' 'JA'],Apartment,1,1,1,9000-10500,11500
150693627,['BA' 'JA'],Apartment,1,1,1,9000-10500,11500
217693669,['BA' 'JA'],Apartment,1,1,1,9000-10500,11500
417109066,['BA' 'JA'],Apartment,1,1,1,10500-12000,13000
425475376,['BA' 'JA'],Apartment,1,1,1,9000-10500,11500
508433353,['BA' 'JA'],Apartment,1,1,1,10500-12000,13000
407128583,['BA' 'JA'],Apartment,1,1,1,9000-10500,11500
439859553,['JA' 'BA'],Apartment,1,1,1,10500-12000,13000
387730748,['BA' 'JA'],Apartment,1,1,1,10500-12000,13000
869374457,['JA' 'BA'],Apartment,1,1,1,9000-10500,11500
417440306,['BA' 'JA'],Apartment,1,0,1,9000-10500,11500
869279929,['BA' 'JA'],Apartment,1,1,1,10500-12000,13000
453704076,['JA' 'BA'],Apartment,1,1,1,9000-10500,11500
259503133,['JA' 'BA'],Apartment,1,0,1,9000-10500,11500
422385882,['JA' 'BA'],Apartment,1,1,1,10500-12000,13000
176835594,['JA' 'BA'],Apartment,1,1,1,9000-10500,11500
360437813,['BA' 'JA'],Apartment,1,1,1,9000-10500,11500
844177850,['BA' 'JA'],Apartment,1,1,1,9000-10500,11500
832988181,['JA' 'BA'],Apartment,1,1,1,9000-10500,11500
436124193,['BA' 'JA'],Apartment,1,1,1,9000-10500,11500
259235621,['JA' 'BA'],Apartment,1,1,1,9000-10500,11500
760033698,['BA' 'JA'],Apartment,1,1,1,9000-10500,11500
621416151,['JA' 'BA'],Apartment,1,1,1,10500-12000,13000
360322340,['JA' 'BA'],Apartment,1,0,1,9000-10500,11500
553376952,['BA' 'JA'],Apartment,1,1,1,9000-10500,11500
264935163,['BA' 'JA'],Apartment,1,1,1,10500-12000,13000
989571253,['BA' 'JA'],Apartment,1,1,1,9000-10500,11500
357879090,['BA' 'JA'],Apartment,1,1,1,9000-10500,11500
903239111,['BA' 'JA'],Apartment,1,1,1,10500-12000,13000
866417833,['BA' 'JA'],Apartment,1,1,1,10500-12000,13000
407138490,['BA' 'JA'],Apartment,1,1,1,9000-10500,11500
887857709,['BA' 'JA'],Apartment,1,1,1,10500-12000,13000
352568274,['BA' 'JA'],Apartment,1,1,1,9000-10500,11500
609856950,['JA' 'BA'],Apartment,1,1,1,9000-10500,11500
949621965,['BA' 'JA'],Apartment,1,1,1,9000-10500,11500
497954559,['BA' 'JA'],Apartment,1,1,1,9000-10500,11500
206213768,['BA' 'JA'],Apartment,1,0,0,9000-10500,11500
668305035,['JA' 'BA'],Apartment,1,1,1,10500-12000,13000
440336479,['BA' 'JA'],Apartment,1,0,1,9000-10500,11500
155767309,['BA' 'JA'],Apartment,1,1,1,9000-10500,11500
875842074,['BA' 'JA'],Apartment,1,1,1,9000-10500,11500
155711553,['JA' 'BA'],Apartment,1,1,1,9000-10500,11500
248767888,['JA' 'BA'],Apartment,1,1,1,9000-10500,11500
448398404,['JA' 'BA'],Apartment,1,0,1,9000-10500,11500
826945742,['JA' 'BA'],Apartment,1,0,1,10500-12000,13000
141775438,['BA' 'JA'],Apartment,1,1,1,9000-10500,11500
191953524,['BA' 'JA'],Apartment,1,1,1,10500-12000,13000
592712351,['BA' 'JA'],Apartment,1,1,1,9000-10500,11500
600360501,['BA' 'JA'],Apartment,1,1,1,9000-10500,11500
450127999,['BA' 'JA'],Apartment,1,1,1,9000-10500,11500
761969699,['BA' 'JA'],Apartment,1,1,1,10500-12000,13000
493690734,['JA' 'BA'],Apartment,1,1,1,10500-12000,13000
950887327,['BA' 'JA'],Apartment,1,1,1,9000-10500,11500
455904531,['BA' 'JA'],Apartment,1,1,1,10500-12000,13000
500489812,['BA' 'JA'],Apartment,1,1,1,9000-10500,11500
550241506,['JA' 'BA'],Apartment,1,1,1,10500-12000,13000
701095550,['JA' 'BA'],Apartment,1,1,1,9000-10500,11500
251105173,['BA' 'JA'],Apartment,1,1,1,9000-10500,11500
604425598,['BA' 'JA'],Apartment,1,1,1,9000-10500,11500
110290077,['BA' 'JA'],Apartment,1,1,0,10500-12000,13000
937146637,['JA' 'BA'],Apartment,1,1,1,9000-10500,11500
471917519,['BA' 'JA'],Apartment,1,1,1,10500-12000,13000
584401085,['BA' 'JA'],Apartment,1,1,1,10500-12000,13000
500717437,['BA' 'JA'],Apartment,1,1,1,9000-10500,11500
209066990,['BA' 'JA'],Apartment,1,1,1,9000-10500,11500
348221924,['BA' 'JA'],Apartment,1,1,1,9000-10500,11500
183121178,['JA' 'BA'],Apartment,1,1,1,9000-10500,11500
499721532,['BA' 'JA'],Apartment,1,1,0,9000-10500,11500
148058487,['BA' 'JA'],Apartment,1,1,1,10500-12000,13000
913999827,['JA' 'BA'],Apartment,1,1,1,9000-10500,11500
251174737,['BA' 'JA'],Apartment,1,1,1,10500-12000,13000
380403726,['BA' 'JA'],Apartment,1,1,1,10500-12000,13000
905973783,['BA' 'JA'],Apartment,1,1,1,10500-12000,13000
192010720,['JA' 'BA'],Apartment,1,1,1,9000-10500,11500
980186188,['BA' 'JA'],Apartment,1,1,1,9000-10500,11500
378446496,['BA' 'JA'],Apartment,1,1,1,10500-12000,13000
868945193,['JA' 'BA'],Apartment,1,1,1,10500-12000,13000
206500855,['JA' 'BA'],Apartment,1,1,1,9000-10500,11500
862426313,['JA' 'BA'],Apartment,1,1,1,10500-12000,13000
310465990,['JA' 'BA'],Apartment,1,1,1,9000-10500,11500
946261707,['BA' 'JA'],Apartment,1,1,1,9000-10500,11500
151135427,['BA' 'JA'],Apartment,1,1,1,10500-12000,13000
367161882,['BA' 'JA'],Apartment,1,1,1,10500-12000,13000
432292734,['BA' 'JA'],Apartment,1,1,1,9000-10500,11500
171539303,['BA' 'JA'],Apartment,1,1,1,9000-10500,11500
786226595,['BA' 'JA'],Apartment,1,1,1,9000-10500,11500
870411270,['BA' 'JA'],Apartment,1,1,1,9000-10500,11500
332034757,['BA' 'JA'],Apartment,1,1,1,9000-10500,11500
976436798,['JA' 'BA'],Apartment,1,1,1,9000-10500,11500
891687051,['BA' 'JA'],Apartment,1,1,1,9000-10500,11500
559400672,['BA' 'JA'],Apartment,1,1,1,10500-12000,13000
465470472,['BA' 'JA'],Apartment,1,1,1,10500-12000,13000
484716546,['BA' 'JA'],Apartment,1,1,0,9000-10500,11500
727520945,['BA' 'JA'],Apartment,1,1,1,9000-10500,11500
959272032,['BA' 'JA'],Apartment,1,1,1,9000-10500,11500
546838308,['BA' 'JA'],Apartment,1,1,1,10500-12000,13000
469522943,['BA' 'JA'],Apartment,1,1,1,9000-10500,11500
515553047,['BA' 'JA'],Apartment,1,0,1,10500-12000,13000
970537318,['BA' 'JA'],Apartment,1,1,1,9000-10500,11500
545634234,['BA' 'JA'],Apartment,1,1,1,9000-10500,11500
886030092,['JA' 'BA'],Apartment,1,1,1,9000-10500,11500
935263359,['BA' 'JA'],Apartment,1,1,1,10500-12000,13000
675566947,['JA' 'BA'],Apartment,1,1,0,9000-10500,11500
223402874,['BA' 'JA'],Apartment,1,1,1,10500-12000,13000
193292013,['BA' 'JA'],Apartment,1,1,1,9000-10500,11500
647416465,['JA' 'BA'],Apartment,1,1,1,9000-10500,11500
631104390,['JA' 'BA'],Apartment,1,0,1,10500-12000,13000
305375237,['BA' 'JA'],Apartment,1,1,1,10500-12000,13000
333770075,['BA' 'JA'],Apartment,1,1,1,9000-10500,11500
896634238,['JA' 'BA'],Apartment,1,1,1,10500-12000,13000
950474744,['BA' 'JA'],Apartment,1,1,1,9000-10500,11500
991888851,['JA' 'BA'],Apartment,1,1,1,10500-12000,13000
378384862,['BA' 'JA'],Apartment,1,1,0,9000-10500,11500
880498077,['JA' 'BA'],Apartment,1,1,1,10500-12000,13000
127127166,['BA' 'JA'],Apartment,1,1,1,9000-10500,11500
773326638,['JA' 'BA'],Apartment,1,1,1,9000-10500,11500
662043599,['BA' 'JA'],Apartment,1,0,1,9000-10500,11500
144380398,['JA' 'BA'],Apartment,1,1,1,9000-10500,11500
974222091,['BA' 'JA'],Apartment,1,1,1,9000-10500,11500
935327245,['JA' 'BA'],Apartment,1,1,1,10500-12000,13000
337659957,['BA' 'JA'],Apartment,1,1,1,9000-10500,11500
796224963,['BA' 'JA'],Apartment,1,1,0,10500-12000,13000
624454247,['JA' 'BA'],Apartment,1,1,1,10500-12000,13000
307895159,['JA' 'BA'],Apartment,1,1,1,10500-12000,13000
373849181,['BA' 'JA'],Apartment,1,1,1,9000-10500,11500
886327894,['BA' 'JA'],Apartment,1,1,1,9000-10500,11500
282826823,['BA' 'JA'],Apartment,1,1,1,10500-12000,13000
248117150,['JA' 'BA'],Apartment,1,1,1,10500-12000,13000
124253840,['BA' 'JA'],Apartment,1,1,1,9000-10500,11500
866293732,['BA' 'JA'],Apartment,1,1,1,9000-10500,11500
542327544,['JA' 'BA'],Apartment,1,1,1,10500-12000,13000
198354464,['BA' 'JA'],Apartment,1,1,1,10500-12000,13000
952021728,['BA' 'JA'],Apartment,1,1,1,9000-10500,11500
830493275,['JA' 'BA'],Apartment,1,1,1,9000-10500,11500
690739471,['JA' 'BA'],Apartment,1,1,1,9000-10500,11500
717820322,['BA' 'JA'],Apartment,1,0,1,10500-12000,13000
587832424,['BA' 'JA'],Apartment,1,1,1,9000-10500,11500
356942659,['JA' 'BA'],Apartment,1,1,1,10500-12000,13000
758792885,['BA' 'JA'],Apartment,1,1,1,9000-10500,11500
385583774,['BA' 'JA'],Apartment,1,1,1,9000-10500,11500
705250892,['BA' 'JA'],Apartment,1,1,1,9000-10500,11500
977143816,['BA' 'JA'],Apartment,1,0,1,10500-12000,13000
944856001,['BA' 'JA'],Apartment,1,1,1,9000-10500,11500
943132662,['BA' 'JA'],Apartment,1,1,1,9000-10500,11500
957204813,['BA' 'JA'],Apartment,1,1,1,9000-10500,11500
517684259,['BA' 'JA'],Apartment,1,1,1,10500-12000,13000
761012156,['BA' 'JA'],Apartment,1,1,1,10500-12000,13000
387117382,['BA' 'JA'],Apartment,1,1,1,9000-10500,11500
311009982,['BA' 'JA'],Apartment,1,0,1,9000-10500,11500
240825560,['JA' 'BA'],Apartment,1,1,1,9000-10500,11500
282127297,['BA' 'JA'],Apartment,1,1,1,9000-10500,11500
759615427,['BA' 'JA'],Apartment,1,1,1,10500-12000,13000
642860231,['BA' 'JA'],Apartment,1,1,1,10500-12000,13000
469354057,['BA' 'JA'],Apartment,1,1,1,9000-10500,11500
473287883,['JA' 'BA'],Apartment,1,1,1,9000-10500,11500
162529216,['JA' 'BA'],Apartment,1,1,1,9000-10500,11500
711333981,['JA' 'BA'],Apartment,1,1,1,9000-10500,11500
283448642,['BA' 'JA'],Apartment,1,1,0,9000-10500,11500
906230408,['JA' 'BA'],Apartment,1,1,1,10500-12000,13000
851167672,['BA' 'JA'],Apartment,1,1,1,9000-10500,11500
512866803,['JA' 'BA'],Apartment,1,1,1,9000-10500,11500
604091963,['BA' 'JA'],Apartment,1,1,1,9000-10500,11500
300010265,['BA' 'JA'],Apartment,1,1,1,10500-12000,13000
367453807,['JA' 'BA'],Apartment,1,1,1,10500-12000,13000
800455852,['BA' 'JA'],Apartment,1,1,1,9000-10500,11500
545573788,['BA' 'JA'],Apartment,1,1,1,9000-10500,11500
217629003,['BA' 'JA'],Apartment,1,1,1,10500-12000,13000
983533427,['JA' 'BA'],Apartment,1,0,1,10500-12000,13000
244532589,['BA' 'JA'],Apartment,1,1,1,9000-10500,11500
946483524,['BA' 'JA'],Apartment,1,1,1,9000-10500,11500
933194199,['JA' 'BA'],Apartment,1,1,1,10500-12000,13000
180630276,['BA' 'JA'],Apartment,1,1,1,10500-12000,13000
165658583,['BA' 'JA'],Apartment,1,1,1,9000-10500,11500
328260343,['BA' 'JA'],Apartment,1,0,1,10500-12000,13000
637031775,['BA' 'JA'],Apartment,1,1,1,10500-12000,13000
106724105,['JA' 'BA'],Apartment,1,1,1,9000-10500,11500
471528507,['BA' 'JA'],Apartment,1,1,1,10500-12000,13000
274778170,['JA' 'BA'],Apartment,1,1,1,10500-12000,13000
533340145,['BA' 'JA'],Apartment,1,0,1,9000-10500,11500
391871370,['JA' 'BA'],Apartment,1,0,0,9000-10500,11500
868704482,['JA' 'BA'],Apartment,1,0,1,9000-10500,11500
746402398,['BA' 'JA'],Apartment,1,1,0,9000-10500,11500
361387174,['BA' 'JA'],Apartment,1,1,1,10500-12000,13000
357536578,['BA' 'JA'],Apartment,1,1,1,9000-10500,11500
707523766,['JA' 'BA'],Apartment,1,1,1,9000-10500,11500
395545147,['BA' 'JA'],Apartment,1,1,1,10500-12000,13000
915998304,['JA' 'BA'],Apartment,1,1,1,10500-12000,13000
676502190,['BA' 'JA'],Apartment,1,1,0,10500-12000,13000
620011269,['BA' 'JA'],Apartment,1,1,1,10500-12000,13000
681527608,['JA' 'BA'],Apartment,1,1,1,10500-12000,13000
110092541,['BA' 'JA'],Apartment,1,1,1,9000-10500,11500
795956332,['BA' 'JA'],Apartment,1,0,1,10500-12000,13000
714252972,['JA' 'BA'],Apartment,1,1,1,9000-10500,11500
697000858,['BA' 'JA'],Apartment,1,1,1,9000-10500,11500
404132341,['JA' 'BA'],Apartment,1,1,1,10500-12000,13000
594804570,['BA' 'JA'],Apartment,1,1,1,10500-12000,13000
128103954,['BA' 'JA'],Apartment,1,1,1,9000-10500,11500
633987911,['BA' 'JA'],Apartment,1,1,1,9000-10500,11500
331857751,['JA' 'BA'],Apartment,1,1,1,9000-10500,11500
669225917,['BA' 'JA'],Apartment,1,1,1,10500-12000,13000
103325190,['BA' 'JA'],Apartment,1,1,1,10500-12000,13000
452082789,['BA' 'JA'],Apartment,1,1,1,10500-12000,13000
977331728,['BA' 'JA'],Apartment,1,1,1,9000-10500,11500
231502292,['BA' 'JA'],Apartment,1,0,1,9000-10500,11500
511758114,['JA' 'BA'],Apartment,1,1,1,9000-10500,11500
997110471,['BA' 'JA'],Apartment,1,1,1,10500-12000,13000
611713696,['BA' 'JA'],Apartment,1,1,1,9000-10500,11500
849821612,['BA' 'JA'],Apartment,1,1,1,9000-10500,11500
337997864,['JA' 'BA'],Apartment,1,1,1,9000-10500,11500
770114634,['BA' 'JA'],Apartment,1,1,1,9000-10500,11500
785017990,['BA' 'JA'],Apartment,1,1,1,9000-10500,11500
174352512,['BA' 'JA'],Apartment,1,1,1,9000-10500,11500
773817212,['BA' 'JA'],Apartment,1,1,1,10500-12000,13000
671978550,['BA' 'JA'],Apartment,1,1,1,10500-12000,13000
390346299,['JA' 'BA'],Apartment,1,1,1,10500-12000,13000
855087868,['JA' 'BA'],Apartment,1,1,1,9000-10500,11500
806246618,['BA' 'JA'],Apartment,1,1,1,9000-10500,11500
765386917,['BA' 'JA'],Apartment,1,1,1,9000-10500,11500
829205684,['BA' 'JA'],Apartment,1,1,1,10500-12000,13000
200930438,['JA' 'BA'],Apartment,1,1,1,9000-10500,11500
702729193,['JA' 'BA'],Apartment,1,1,0,10500-12000,13000
428263620,['BA' 'JA'],Apartment,1,1,1,9000-10500,11500
957019258,['JA' 'BA'],Apartment,1,1,1,9000-10500,11500
655860208,['JA' 'BA'],Apartment,1,1,1,9000-10500,11500
169349462,['BA' 'JA'],Apartment,1,1,1,9000-10500,11500
339488545,['BA' 'JA'],Apartment,1,1,1,9000-10500,11500
140683169,['JA' 'BA'],Apartment,1,1,1,9000-10500,11500
914934120,['JA' 'BA'],Apartment,1,1,1,9000-10500,11500
228693321,['BA' 'JA'],Apartment,1,1,1,10500-12000,13000
107552032,['BA' 'JA'],Apartment,1,1,1,9000-10500,11500
772063009,['JA' 'BA'],Apartment,1,1,1,10500-12000,13000
831929141,['BA' 'JA'],Apartment,1,1,1,9000-10500,11500
322928280,['JA' 'BA'],Apartment,1,0,1,9000-10500,11500
221719996,['JA' 'BA'],Apartment,1,1,1,9000-10500,11500
679070316,['JA' 'BA'],Apartment,1,0,1,9000-10500,11500
476842906,['BA' 'JA'],Apartment,1,1,1,9000-10500,11500
370579039,['JA' 'BA'],Apartment,1,0,1,9000-10500,11500
297676806,['JA' 'BA'],Apartment,1,1,1,10500-12000,13000
207897748,['JA' 'BA'],Apartment,1,1,1,10500-12000,13000
907515613,['JA' 'BA'],Apartment,1,1,1,9000-10500,11500
363782365,['BA' 'JA'],Apartment,1,1,1,10500-12000,13000
670161394,['JA' 'BA'],Apartment,1,1,1,9000-10500,11500
241707144,['BA' 'JA'],Apartment,1,1,1,9000-10500,11500
908446218,['BA' 'JA'],Apartment,1,0,1,9000-10500,11500
388531631,['BA' 'JA'],Apartment,1,1,1,9000-10500,11500
452113684,['BA' 'JA'],Apartment,1,1,1,9000-10500,11500
969484380,['BA' 'JA'],Apartment,1,1,1,9000-10500,11500
559059853,['BA' 'JA'],Apartment,1,1,1,9000-10500,11500
298445308,['BA' 'JA'],Apartment,1,1,1,10500-12000,13000
510752381,['JA' 'BA'],Apartment,1,0,1,10500-12000,13000
244838733,['BA' 'JA'],Apartment,1,0,1,10500-12000,13000
501168642,['BA' 'JA'],Apartment,1,0,1,9000-10500,11500
443103845,['BA' 'JA'],Apartment,1,1,1,9000-10500,11500
973690359,['BA' 'JA'],Apartment,1,1,1,10500-12000,13000
881426175,['BA' 'JA'],Apartment,1,1,0,10500-12000,13000
979271055,['JA' 'BA'],Apartment,1,1,1,9000-10500,11500
232427645,['JA' 'BA'],Apartment,1,1,1,10500-12000,13000
774440344,['BA' 'JA'],Apartment,1,1,1,9000-10500,11500
983689400,['JA' 'BA'],Apartment,1,1,1,10500-12000,13000
528922482,['JA' 'BA'],Apartment,1,0,1,9000-10500,11500
595115259,['JA' 'BA'],Apartment,1,1,1,9000-10500,11500
134287576,['JA' 'BA'],Apartment,1,1,1,9000-10500,11500
619304195,['JA' 'BA'],Apartment,1,1,1,9000-10500,11500
141024678,['JA' 'BA'],Apartment,1,0,1,9000-10500,11500
217097683,['BA' 'JA'],Apartment,1,1,1,9000-10500,11500
348938666,['JA' 'BA'],Apartment,1,1,1,10500-12000,13000
636282392,['BA' 'JA'],Apartment,1,1,1,9000-10500,11500
747652026,['BA' 'JA'],Apartment,1,1,1,10500-12000,13000
318271091,['JA' 'BA'],Apartment,1,0,1,9000-10500,11500
547903271,['JA' 'BA'],Apartment,1,1,1,10500-12000,13000
735232453,['BA' 'JA'],Apartment,1,1,1,10500-12000,13000
962176099,['BA' 'JA'],Apartment,1,1,1,9000-10500,11500
971972875,['JA' 'BA'],Apartment,1,0,1,9000-10500,11500
761122705,['JA' 'BA'],Apartment,1,1,1,10500-12000,13000
795954951,['BA' 'JA'],Apartment,1,1,1,10500-12000,13000
479211295,['BA' 'JA'],Apartment,1,1,1,9000-10500,11500
411333381,['BA' 'JA'],Apartment,1,0,1,10500-12000,13000
738533400,['JA' 'BA'],Apartment,1,0,1,9000-10500,11500
347033794,['JA' 'BA'],Apartment,1,1,1,9000-10500,11500
709883927,['BA' 'JA'],Apartment,1,1,0,10500-12000,13000
573734497,['BA' 'JA'],Apartment,1,1,1,9000-10500,11500
466628782,['JA' 'BA'],Apartment,1,1,1,10500-12000,13000
973963326,['BA' 'JA'],Apartment,1,1,0,9000-10500,11500
971958125,['JA' 'BA'],Apartment,1,1,1,9000-10500,11500
209860307,['JA' 'BA'],Apartment,1,1,1,9000-10500,11500
383884113,['JA' 'BA'],Apartment,1,1,1,10500-12000,13000
772086371,['JA' 'BA'],Apartment,1,1,1,9000-10500,11500
488541839,['JA' 'BA'],Apartment,1,1,1,10500-12000,13000
891641917,['BA' 'JA'],Apartment,1,1,1,9000-10500,11500
125372932,['BA' 'JA'],Apartment,1,1,0,10500-12000,13000
189077321,['BA' 'JA'],Apartment,1,1,1,10500-12000,13000
330697823,['JA' 'BA'],Apartment,1,1,1,9000-10500,11500
911252194,['BA' 'JA'],Apartment,1,1,1,9000-10500,11500
391151170,['BA' 'JA'],Apartment,1,0,1,9000-10500,11500
893301997,['BA' 'JA'],Apartment,1,1,1,10500-12000,13000
907422969,['BA' 'JA'],Apartment,1,1,1,10500-12000,13000
734016163,['BA' 'JA'],Apartment,1,1,1,10500-12000,13000
372519520,['BA' 'JA'],Apartment,1,1,1,9000-10500,11500
967451797,['BA' 'JA'],Apartment,1,1,1,10500-12000,13000
899185355,['JA' 'BA'],Apartment,1,1,1,10500-12000,13000
923764656,['BA' 'JA'],Apartment,1,1,1,10500-12000,13000
191490907,['JA' 'BA'],Apartment,1,1,1,9000-10500,11500
388375406,['BA' 'JA'],Apartment,1,1,1,9000-10500,11500
449080913,['BA' 'JA'],Apartment,1,1,1,10500-12000,13000
329080216,['BA' 'JA'],Apartment,1,1,1,9000-10500,11500
175081436,['BA' 'JA'],Apartment,1,0,1,10500-12000,13000
670957015,['JA' 'BA'],Apartment,1,1,1,9000-10500,11500
800694080,['BA' 'JA'],Apartment,1,1,1,10500-12000,13000
229753550,['JA' 'BA'],Apartment,1,1,1,9000-10500,11500
114061743,['BA' 'JA'],Apartment,1,1,1,10500-12000,13000
900451724,['BA' 'JA'],Apartment,1,1,1,9000-10500,11500
933744275,['BA' 'JA'],Apartment,1,1,1,10500-12000,13000
417696262,['BA' 'JA'],Apartment,1,1,1,9000-10500,11500
940035368,['BA' 'JA'],Apartment,1,0,1,9000-10500,11500
755301395,['JA' 'BA'],Apartment,1,1,1,10500-12000,13000
